Order_ID,Product_ID,Quantity,Date
ORD001,P001,12,2025-01-05
ORD002,P003,25,2025-01-06
ORD003,P005,8,2025-01-08
ORD004,P002,15,2025-01-10
ORD005,P010,10,2025-01-12
ORD006,P001,20,2025-01-15
ORD007,P007,30,2025-01-17
ORD008,P011,18,2025-01-19
ORD009,P003,40,2025-01-22
ORD010,P009,12,2025-01-24
ORD011,P015,8,2025-01-26
ORD012,P041,25,2025-01-28
ORD013,P002,20,2025-01-30
ORD014,P017,35,2025-02-01
ORD015,P005,15,2025-02-03
ORD016,P020,10,2025-02-05
ORD017,P001,18,2025-02-08
ORD018,P003,30,2025-02-10
ORD019,P042,15,2025-02-12
ORD020,P010,22,2025-02-14
ORD021,P009,14,2025-02-17
ORD022,P011,25,2025-02-19
ORD023,P015,12,2025-02-21
ORD024,P007,45,2025-02-23
ORD025,P002,18,2025-02-26
ORD026,P020,8,2025-02-28
ORD027,P017,50,2025-03-02
ORD028,P003,35,2025-03-05
ORD029,P001,22,2025-03-07
ORD030,P005,20,2025-03-10
ORD031,P043,30,2025-03-12
ORD032,P010,15,2025-03-14
ORD033,P009,10,2025-03-17
ORD034,P011,20,2025-03-19
ORD035,P002,12,2025-03-22
ORD036,P015,14,2025-03-24
ORD037,P007,28,2025-03-26
ORD038,P017,40,2025-03-29
ORD039,P020,12,2025-03-31
ORD040,P003,22,2025-04-02
ORD041,P001,15,2025-04-05
ORD042,P005,18,2025-04-07
ORD043,P010,20,2025-04-10
ORD044,P002,10,2025-04-12
ORD045,P009,8,2025-04-15
ORD046,P011,15,2025-04-17
ORD047,P015,10,2025-04-20
ORD048,P017,25,2025-04-22
ORD049,P007,32,2025-04-25
ORD050,P020,14,2025-04-27
ORD051,P001,10,2025-04-30
ORD052,P003,28,2025-05-02
ORD053,P005,12,2025-05-05
ORD054,P002,22,2025-05-07
ORD055,P010,18,2025-05-10
ORD056,P009,6,2025-05-12
ORD057,P011,22,2025-05-15
ORD058,P015,9,2025-05-17
ORD059,P017,30,2025-05-20
ORD060,P020,11,2025-05-22
